NAME,UFID,TYPE,TSA,PHONE,EMAIL,STREET,CITY,COUNTY,LATITUDE,LONGITUDE,LAST_UPDATE,PFIZER_DEPOSITS,PFIZER_ADMIND,PFIZER_WASTED,PFIZER_AVAILABLE,PFIZER_ALLOCATED,MODERNA_DEPOSITS,MODERNA_ADMIND,MODERNA_WASTED,MODERNA_AVAILABLE,MODERNA_ALLOCATED,VACCINES_DEPOSITS,VACCINES_ADMIND,VACCINES_WASTED,VACCINES_AVAILABLE,VACCINES_ALLOCATED,RECEIVED_VACCINE,RECEIVED_VACCINE_AMOUNT,RECEIVED_VACCINE_DATE,VACCINE_POC_TITLE,VACCINE_CHECK,VACCINE_PROGRAM_START_DATE,VACCINE_PROGRAM_COMPLETE_DATE,VACCINE_STORAGE,VACCINE_PRIORITY,VACCINE_POC,VACCINE_POC_CELL,VACCINE_EMAIL,VACCINE_247_POC,VACCINE_ENTITY_SHARE,VACCINE_OTHER_ENTITY_SHARE,VACCINE_POC_OFFICE,VACCINE_POC_BACKUP,FIELD_1,FIELD_2,FIELD_3,FIELD_4,ObjectId
MEDICAL CITY - LEWISVILLE,4444,Hospital,E,4693702872,nathan.fowlkes@medicalcityhealth.com,500 W Main St, Lewisville,Denton,33.04632,-97.004197,1609534357000,0,0,0,0,,0,256,0,70,,0,256,0,70,,,600,1608703200000,Director of Pharmacy,Yes,1608703200000,1609308000000,Freezer,Healthcare and Frontline workers,Lawrence Bender,469-370-2900,lawrence.bender@medicalcityhealth.com,469-370-2900,,NO,469-370-2900,Coral Iserhienhien,,,,,1
WISE HEALTH SYSTEM - DECATUR,4450,Hospital,E,940-626-4017,shahn1@wisehealthsystem.com,609 Medical Center Dr, Decatur,Wise,33.21974,-97.593907,1609520832000,0,0,0,0,,1200,0,0,1200,,1200,0,0,1200,,,975,1608271200000,Corporate Director of Pharmacy Svcs,Yes,1608271200000,1608703200000,"Dry Ice, will have these units stored in original boxing.","Frontline and healthcare.  Phase 1a, 1b, and some 65 and over county residents.  We administered 1165 doses. 5 of the 195 vials did not contain 6 doses ",Kristy Langford,9403893281,klangford@wisehealthsystem.com,,no,Yes.  Phase 1a and 1b excluding LTC as we understand those have contracted with CVS.  Vaccinated some 65 and over county residents ,940-626-1363,Stacy Sears Lamb,,,,,2
REEVES COUNTY HOSPITAL,12900,Hospital,J,432-447-3551,flease@trhta.net,2323 Texas St, Pecos,Reeves,31.40233,-103.512645,1609553262000,0,0,4,0,,110,200,0,0,,110,200,4,0,,,0,,,Yes,,,,,,,,,,,,,,,,,3
LBJ GENERAL,4835,Hospital,Q,713-566-5055,future.johns@harrishealth.org,5656 Kelley St, Houston,Harris,29.811976,-95.311589,1609550887000,0,0,580,580,,0,0,0,1100,,0,0,580,1680,,,0,-2208621600000,Director of Nursing Occupational Health Services,Yes,-2208621600000,-2208621600000,,,Donna McKee,,donna.mckee@aol.com,,,,,,,,,,4
BAYLOR SCOTT &WHITE MED CENTER-SUNNYVALE,28855,Hospital,E,972-892-3970,--,231 South Collins, Sunnyvale,Dallas,32.77918,-96.568714,1609560600000,0,0,0,0,,0,16,0,200,,0,16,0,200,,,100,1609221600000,Director of Pharmacy,Yes,1608703200000,,same as before,same as before,Walter G. Lloyd,972-892-6236,wlloyd@uspi.com,972-892-4409,,other USPI surgical centers and Urgent Cares,972-892-6236 ,Mustafa Sardini,,,,,5
DALLAS REGIONAL MEDICAL CENTER,4400,Hospital,E,512-635-3637,lfox1@primehealthcare.com,1011 N Galloway Ave, Mesquite,Dallas,32.778343,-96.599944,1609549977000,0,0,0,0,,0,67,0,601,,0,67,0,601,,,800,1609135200000,Director of Pharmany,Yes,1609135200000,1613368800000,Ultra cold freezer,"Healthcare workers in direct contact with COVID patients are being offered the vaccine first.  Other healthcare workers are then offered the vaccine when there is a partial vial of vaccine left, so that doses are not wasted.",Shanti Lee,972-998-2480,slee20@primehealthcare.com,214-319-4053,,No,214-320-7040,Melanie Milligan,,,,,6
HORIZON MEDICAL CENTER OF DENTON,186864,Hospital,E,--,--,2813 S. Mayhill Rd., Denton,Denton,33.174024,-97.086342,1609432293000,0,0,0,0,,100,80,0,0,,100,80,0,0,,,100,1609135200000,Director of Pharmacy,Yes,1609135200000,,Freezer,Group 1D and Frontline workers,Osita Najomo,,onajomo@horizonmedcenter.com,,,NO,682-323-1708,,,,,,7
MEMORIAL HERMANN SUGAR LAND SURGICAL HOSPITAL,82795,Hospital,Q,713-859-5233,eclark@uspi.com,16906 Southwest Freeway , Sugar Land,Fort Bend,29.588753,-95.635217,1609531783000,0,0,0,0,,0,40,0,500,,0,40,0,500,,,0,,vaccine coordinator,Yes,,,,,Miranda Hanson,,mhanson@uspi.com,,,,281-243-1050,,,,,,8
ST. DAVID'S MC,2805,Hospital,O,512-656-1223,jenny.burnett@stdavids.com,919 E 32nd St, Austin,Travis,30.290819,-97.726628,1609533572000,1235,1529,0,0,,2100,380,0,1720,,3335,1909,0,1720,,,0,1608184800000,Director of Pharmacy,Yes,1608357600000,1609221600000,Ultra low freezer in satellite pharmacy,Tiered based on risk,Jennifer Lockmiller,512-659-6144,jennifer.lockmiller@healthtrustpg.com,,,No,512-544-5250,Rabia Jamali,,,,,9
LAS PALMAS MEDICAL CENTER,6091,Hospital,I,915-218-9519,jerry.gonzalez@hcahealthcare.com,1801 N Oregon St, El Paso,El Paso,31.770147,-106.498396,1609528345000,0,0,490,245,,0,0,0,200,,0,0,490,445,,,0,1608184800000,DIRECTOR OF PHARMACY,Yes,1608357600000,1610085600000,"REFRIGERATOR, WORKING ON REGISTERING FREEZER",HIGHEST RISK CARETAKER PRIORITY,SAL SIAS,915 474-0874,SAL.SIAS@HCAHEALTHCARE.COM,,,NO,5211449,ERYN SOSA,,,,,10
CHI ST. LUKE'S - LAKESIDE HOSPITAL,23255,Hospital,Q,832-537-2698,vpapillion3@stlukeshealth.org,17400 St. Luke's Way, The Woodlands,Montgomery,30.200185,-95.458059,1609518979000,0,0,0,0,,0,20,0,400,,0,20,0,400,,,50,1609135200000,Manager,Yes,1609135200000,1580450400000,freezer and refrigerator,"All of our staff have been assigned a tier number 0-4, with 4 being the highest priority.",James Crawford,832-815-5260,jcrawford1@stlukeshealth.org,936-266-3076,,no,936-266-9620,Carlos Deleon,,,,,11
DEL SOL MEDICAL CENTER,6090,Hospital,I,915-208-3179,christina.sanchez2hcahealth.com,10301 Gateway Blvd W, El Paso,El Paso,31.75675,-106.35138,1609521092000,0,0,195,195,,0,0,0,230,,0,0,195,425,,,0,1608184800000,Director of Pharmacy,Yes,1608444000000,1610085600000,Refrigerator and ultra low freezer,by highest risk ,Christina Sanchez,915-208-3179,christina.sanchez@hcahealth.com ,,,No,915-263-5102,Sandra Renteria,,,,,12
CHI ST. JOSEPH - COLLEGE STATION HOSPITAL,11713,Hospital,N,832-537-2698,vpapillion3@stlukeshealth.org,1604 Rock Prairie Rd, College Station,Brazos,30.582429,-96.291714,1609445487000,0,0,0,0,,0,136,0,200,,0,136,0,200,,,24,1607925600000,,Yes,1608098400000,1609308000000,Freezers,12/16/2020 front line workers first and then follow CDC and Texas department of public heath guideline down from there,Justin Simon,(903) 614-2007,shelly.brown@christushealth.org,,,No,,Dustin Tysdale,,,,,13
CHI ST. LUKE'S - SUGAR LAND HOSPITAL,18143,Hospital,Q,832-537-2698,vpapillion3@stlukeshealth.org,1317 Lake Pointe Pkwy, Sugar Land,Fort Bend,29.606125,-95.62143,1609517262000,0,0,0,0,,0,90,0,720,,0,90,0,720,,,1000,,,Yes,,,,,,,,,,,,,,,,,14
CHI ST. LUKE'S - THE VINTAGE,29975,Hospital,Q,832-537-2698,vpapillion3@stlukeshealth.org,20171 Chasewood Park Drive, Houston,Harris,29.991046,-95.570078,1609514831000,0,10,610,610,,0,0,0,0,,0,10,610,610,,,975,1609135200000,Pharmacy Director,Yes,-2208708000000,1609567200000,Ultra Low Freezer,"Medical Staff, ICU Nurses, Doctors and critical and high risk personnel.",Tramell Bell,(832) 534-7160,tbell@stlukeshealth.org,(832) 534-5908,,No,,Elizabeth Dunphy,,,,,15
CHI ST. LUKE'S - THE WOODLANDS HOSPITAL,5706,Hospital,Q,832-537-2698,vpapillion3@stlukeshealth.org,17200 St Luke's Way, Conroe,Montgomery,30.204975,-95.460384,1609520401000,0,0,0,0,,0,96,0,1310,,0,96,0,1310,,,0,-2208967200000,,Yes,-2208967200000,-2208967200000,,,Carlos Deleon,936-266-3076,cdeleon@stlukeshealth.org,936-266-9620,,,936-266-3076,James Crawford,,,,,16
CHI ST. LUKE'S HEALTH MEMORIAL - LIVINGSTON,11577,Hospital,H,832-537-2698,vpapillion3@stlukeshealth.org,1717 Hwy. 59 Bypass, Livingston,Polk,30.733278,-94.936638,1609520666000,0,0,0,0,,0,30,0,320,,0,30,0,320,,,400,1606888800000,,Yes,1609135200000,1610344800000,Ultra low frreezer,Direct contact staff,Tamanika Fite,936-329-8529,tfite@memorialhealth.org,936-329-8249,,No,936-329-8249,Lauren Pixley,,,,,17
NAVARRO REGIONAL HOSPITAL,4418,Hospital,E,903-654-6820,Kristy.Hopper@navarrohospital.com,3201 West Highway 22, Corsicana,Navarro,32.085297,-96.50507,1609449838000,0,0,0,0,,0,111,0,469,,0,111,0,469,,,60,1609135200000,Director of Pharmacy,Yes,1609135200000,1610690400000,Freezer,Medical staff and front line employees. Staggered administration ,Ryan Gadi,4698775800,Amber.calderon@navarrohospital.com,,,No,903-654-1056,Amber Calderon,,,,,18
YOAKUM COUNTY HOSPITAL,12302,Hospital,B,806-592-2121 ,kpate@ych.us,412 Mustang Ave, Denver City,Yoakum,32.959814,-102.832053,1609508199000,0,0,0,0,,0,93,0,160,,0,93,0,160,,,0,1609221600000,Pharmacy Mgr.,Yes,1609221600000,1578636000000,Refrigerator,"1. Front-line staff, 2. all HCW's, 3. First Responders, 4. over 65",Jeannie Garcia,806-215-2870,jgarcia@ych.us,,,First Responders,806-592-2121,Korina Pate,,,,,19
LIBERTY-DAYTON REGIONAL MEDICAL CENTER,21635,Hospital,R,936-336-7316 xt. 142,tmaddox@libertydaytonrmc.com,1353 North Travis, Liberty,Liberty,30.068494,-94.799064,1609507659000,0,0,0,0,,0,0,0,200,,0,0,0,200,,,200,1609221600000,Chief Quality Officer Infection Control,Yes,1609740000000,,Freezer,"1. Staff with hands on patient care duties and all staff that regularly encounter patients and housekeeping staff

2. Office staff

3. Ancillary staff
",Toni Maddox,936.346.8249,Tmaddox@libertydaytonmc.com,936.346.8249,,"Yes, Rural Health Clinic - within same building",936.336.7316 ext.142,Cindy Griffin,,,,,20
PARKLAND MEMORIAL HOSPITAL,4393,Hospital,E,214-590-8920,NATALIE.RODRIGUEZ@phhs.org,5200 Harry Hines Blvd, Dallas,Dallas,32.811985,-96.836781,1609511418000,975,175,6680,6680,,0,342,0,2800,,975,517,6680,9480,,,0,-2208708000000,,Yes,-2208708000000,-2208708000000,,,,,,,,,,,,,,,21
LIMESTONE MEDICAL CENTER,12962,Hospital,M,254-729-3281,jwragge@lmchospital.com,701 McClintic Dr, Groesbeck,Limestone,31.53188,-96.529655,1609515724000,0,0,0,0,,400,30,0,370,,400,30,0,370,,,400,1609221600000,RN,Yes,,,Freezer,Tier program,Correy Tunnell,,Ctunnell@lmchospital.com,,,Yes,254-729-3281 ex2281,sdoyle@lmchospital.com,,,,,22
TEXAS REHAB HOSPITAL OF FORT WORTH,162535,Hospital,E,--,--,425 ALABAMA AVENUE, Fort Worth,Tarrant,32.740787,-97.341304,1609509258000,0,0,0,0,,0,21,0,150,,0,21,0,150,,,0,1609221600000,Infection Control Nurse,Yes,1609221600000,1611900000000,Freezer,"FT Direct patient care staff, PRN Direct patient care staff, all other staff",Carol Wiesner,,cwiesner@Texasrehabhospital.com,,,No,817.820.3514,,,,,,23
PALESTINE REGIONAL MEDICAL CENTER,12594,Hospital,G,903-731-1153,tammi.lucher@lpnt.net,2900 S Loop 256, Palestine,Anderson,31.733286,-95.620117,1609552702000,0,0,0,0,,0,0,0,130,,0,0,0,130,,,300,1608703200000,,Yes,1608789600000,1579845600000,freezer/refrigerator,yes,Michael Brooks,903-731-1030,michael.brooks@lpnt.net,903-731-1299,,yes,903-731-1030,Kristi Holman,,,,,24
WILBARGER GENERAL HOSPITAL,7976,Hospital,C,940-552-9351,estatuto@wghospital.com,920 Hillcrest Dr, Vernon,Wilbarger,34.158455,-99.31293,1609428197000,0,0,0,0,,0,33,0,0,,0,33,0,0,,,200,1609221600000,Emergency Response Coordinator,Yes,1609308000000,1578290400000,Refrigerator ,Tier 1,Ernest Statuto,940 553-2883,estatuto@wghospital.com,,,No,940-552-9351,,,,,,25
TX HEALTH RESOURCES- FLOWER MOUND,24835,Hospital,E,469-322-7112,Christy.hardcastle@phfmtexas.com,4400 Long Prairie Road, Flower Mound,Denton,33.046263,-97.068844,1609516573000,0,75,0,0,,0,0,0,0,,0,75,0,0,,,0,,,,,,,,,,,,,,,,,,,,26
TEXAS HEALTH RESOURCES - HUGULEY (HUGULEY MEMORIAL MEDICAL),4432,Hospital,E,817-551-2466,sterling.warren@ahss.org,11801 South Freeway, Burleson,Tarrant,32.58651,-97.31905,1609551011000,0,25,0,0,,0,0,0,200,,0,25,0,200,,,0,-2208708000000,Director of Pharmacy,Yes,-2208708000000,-2208708000000,"Ultra-Cold capable of around 140,000 doses",We have a compiled list of 1a and 1b frontline healthcare providers.  We also have categorized all 4400 employees who are eligible for the vaccine.,"James Hall, PharmD",323-839-4018,james.hall@adventhealth.com,817-293-6071,No,No,,"Mary Lewis, PharmD",,,,,27
PARKVIEW HOSPITAL,12745,Hospital,A,806 826-5581,carissam@parkviewhosp.org,901 S Sweetwater St, Wheeler,Wheeler,35.439713,-100.270812,1609510327000,0,0,0,0,,0,30,10,80,,0,30,10,80,,,100,1609135200000,,Yes,1609308000000,1612072800000,Freezer,Staff first,Cecil Gaither,,cecilg@parkviewhosp.org,806-826-5581,,,,Angela Howard,,,,,28
LAVACA MEDICAL CENTER,6274,Hospital,S,361-798-3671; 1205,kkutac@lavacamedcen.com,1400 N Texana St, Hallettsville,Lavaca,29.460434,-96.93986,1609520410000,0,0,0,0,,0,170,0,0,,0,170,0,0,,,0,-2208621600000,,,-2208621600000,-2208621600000,,,,,,,,,,,,,,,29
HOUSTON METHODIST SUGAR LAND HOSPITAL,4866,Hospital,Q,281-914-5995,dxwood@houstonmethodist.org,16655 Southwest Fwy, Sugar Land,Fort Bend,29.591437,-95.630383,1609537867000,0,18,0,0,,0,87,0,42,,0,105,0,42,,,2400,1608012000000,Pharmacy Director,Yes,1608012000000,1609135200000,Ultra cold freezer,Group 1A & high risk health care employees ,Raj Desai,(346) 347-5504,rdesai@houstonmethodist.org,,,Yes,(281) 274-7045,,,,,,30
HOUSTON METHODIST BAYTOWN,4870,Hospital,Q,281-420-8770,tlezell@houstonmethodist.org,4401 Garth Rd, Baytown,Harris,29.768971,-94.977535,1609538303000,1950,156,2359,409,,0,0,0,10,,1950,156,2359,419,,,1950,1608184800000,Pharmacy Director,Yes,1608271200000,1608876000000,Ultra cold freezer,Group 1A Health care employees,Kiska Boyd,(281) 507-0275, kboyd2@houstonmethodist.org,,,No,(281) 420-8600,,,,,,31
HOUSTON METHODIST THE WOODLANDS,168532,Hospital,Q,--,Alburrough@houstonmethodist.org,17201 INTERSTATE 45 SOUTH, THE WOODLANDS,Montgomery,30.206925,-95.453763,1609538536000,0,0,138,138,,0,80,0,670,,0,80,138,808,,,975,1608184800000,Pharmacy Director,Yes,1608271200000,1608703200000,Ultra cold freezer,Group 1A Health care employees,Ran XU,(281) 755-9847,rxu@houstonmethodist.org,(936) 270-2700,,No,(936) 270-2700,Karen Simpson,,,,,32
HILL COUNTRY MEMORIAL - FREDERICKSBURG,3394,Hospital,P,830-928-4583,mwilkinson@hillcountrymemorial.org,1020  HWY 16 South, Fredericksburg,Gillespie,30.262236,-98.881867,1609416370000,0,0,0,0,,0,140,0,350,,0,140,0,350,,,0,,,,,,,,,,,,,,,,,,,,33
DIMMIT REGIONAL HOSP - CARRIZO SPRINGS,26,Hospital,P,830-876-2424 x 208,amgonzales_rn@yahoo.com,704 Hospital Dr, Carrizo Springs,Dimmit,28.519909,-99.862109,1609540364000,0,0,0,0,,200,20,0,120,,200,20,0,120,,,0,-2208967200000,,Yes,-2208967200000,-2208967200000,,,,,,,,,,,,,,,34
CUERO REGIONAL HOSPITAL,4505971869641,Hospital,S,361-275-6191; 2713,rebeccam@cuerohospital.org,2550 N Esplanade St, Cuero,Dewitt,29.110122,-97.282417,1609512768000,0,0,0,0,,0,160,0,50,,0,160,0,50,,,200,1608703200000,RN-Infection Prevention Manager,Yes,1609135200000,-2208967200000,freezer/refrigerator,via state tier system,Keisha Whitman,361-649-0837,keishaw@cuerohospital.org,361-275-6191,,not at this time,361-275-6191,Lisa Chavez,,,,,35
TITUS REGIONAL MEDICAL CENTER,7972,Hospital,F,903-577-6000,kathy.griffis@titusregional.com,2001 N. Jefferson Ave., Mount Pleasant,Titus,33.175401,-94.970434,1609295115000,0,0,0,0,,0,199,1,50,,0,199,1,50,,,700,1608530400000,Director of Pharmacy..,Yes,1608530400000,1609740000000,Freezer and refrigerator ,"hospital employees, first responders",Ruth Sabacky Anderson ,903-573-5381,Myrna.Shapiro@kelsey-seybold.com,713-442-3209,,no,903-577-6395,Dana Drummand,,,,,36
CHST CHILDREN'S MEDICAL CENTER - DALLAS,4391,Hospital,E,214-213-0818,dana.derossett@childrens.com,1935 Medical District Dr, Dallas,Dallas,32.808392,-96.836715,1609507536000,0,0,0,0,,0,1528,8,11140,,0,1528,8,11140,,,0,-2208880800000,,,-2208880800000,-2208880800000,,,,,,,,,,,,,,,37
THOP - TRANS MTN CAMPUS,165822,Hospital,I,915-877-8220,michael1.martinez@tenethealth.com,2000 Trans Mountain Rd., El Paso,El Paso,31.905908,-106.539871,1609438083000,0,0,0,0,,0,0,0,451,,0,0,0,451,,,0,,,,,,,,,,,,,,,,,,,,38
UT HEALTH - NORTHEAST - TYLER,12609,Hospital,G,903-877-7808,jodie.davis@uthct.edu,11937 US Hwy 271 S, Tyler,Smith,32.423663,-95.209341,1609450828000,0,490,965,965,,0,0,0,0,,0,490,965,965,,,3900,1608098400000,Director of Pharmacy,Yes,1608098400000,1610776800000,ultra cold freezer,hospital employees first,Melissa Maeker,903-520-0284,melissa.maeker@uthct.edu,,,no,903-877-7096,,,,,,39
THOP - EAST CAMPUS,17202,Hospital,I,915-832-2103,enrique.sotoruiz@tenethealth.com,3280 Joe Battle Blvd, El Paso,El Paso,31.791995,-106.267632,1609437500000,0,0,0,0,,0,0,0,605,,0,0,0,605,,,975,1608184800000,Director of Pharmacy ,Yes,1608184800000,1608530400000,Pfizer : In Thermal Shipper and Refrigerator ,Front line Healthcare Workers,"Enrique Soto, Manager",,enrique.sotoruiz@tenethealth.com,,,,915-832-2103,,,,,,40
SCENIC MOUNTAIN MEDICAL CENTER,12901,Hospital,J,432-268-4932,,1601 W 11th Place, Big Spring,Howard,32.237343,-101.491485,1609450311000,0,0,0,0,,0,30,0,190,,0,30,0,190,,,0,-2208967200000,,Yes,-2208967200000,-2208967200000,,,Hank Edelenbos,432-263-1211,hank.edelenbos@steward.org,432-263-1211,,,432-263-1211,Joseph Chavez,,,,,41
KELL WEST REGIONAL HOSPITAL,6326,Hospital,C,940-235-9145,tstagg@kellwesthospital.com,5420 Kell Blvd, Wichita Falls,Wichita,33.872381,-98.578318,1609449505000,0,0,0,0,,0,24,0,175,,0,24,0,175,,,300,1609135200000,Pharmacy Director,Yes,-2208967200000,-2208967200000,freezer and refrigerator,"Based on State Recommendations of Tiers, starting with Tier 1",Tanya Rhodes,940-631-8523,tanya.rhodes@kellwest.com,9406925888,,,940-692-5888,Jerry Myers,,,,,42
HARLINGEN MEDICAL CENTER,11769,Hospital,V,956-365-1030,dsalas@primehealthcare.com,5501 S. Expy 77, Harlingen,Cameron,26.154807,-97.67362,1609507702000,0,0,0,0,,0,262,0,260,,0,262,0,260,,,0,-2208967200000,,Yes,-2208967200000,-2208967200000,Freezer at hospital,"Front Line, hospital staff",,,,,,,,,,,,,43
ENNIS REGIONAL MEDICAL CENTER,7533,Hospital,E,469-246-2472,david.lewis1@lpnt.net,2201 W Lampasas St, Ennis,Ellis,32.307207,-96.644261,1609348261000,0,0,0,0,,200,10,0,190,,200,10,0,190,,,0,-2208880800000,,,-2208880800000,-2208880800000,,,,,,,,,,,,,,,44
CHI ST. LUKE'S HEALTH BRAZOSPORT,7860,Hospital,R,832-537-2698,vpapillion3@stlukeshealth.org,100 Medical Dr, Lake Jackson,Brazoria,29.029697,-95.452427,1609516152000,0,0,0,0,,0,59,1,700,,0,59,1,700,,,500,1608703200000,Pharmacy Manager,Yes,1608703200000,1610604000000,Refrigerator/Freezer,We are evaluating based on exposure risk and staff availability for vaccine receipt. ,Divyamani Srinivasan,859-230-4096,divyamani.srinivasan@brhstx.org,979-285-1725,,Not at this time,979-285-1725,Brian Stacks,,,,,45
SETON MEDICAL CENTER HARKER HEIGHTS,69275,Hospital,L,785.219.1150,joy.custer2@smchh.org,850 W. Central Texas Expressway, Harker Heights,Bell,31.072655,-97.683172,1609515174000,0,0,0,0,,0,28,2,340,,0,28,2,340,,,600,1608703200000,Director of Pharmacy,Yes,1608703200000,1611468000000,Freezer,"Front Line employees 1st tier, Front line first responders outside SMCHH, then 2nd Tier and 3rd Tier",Leigh Anders,254-680-6349,leigh.anders@smchh.org,,,"Yes, possibly police and EMT ",254-680-6223,Fenilkumar Patel,,,,,46
HCA HOUSTON HEALTHCARE TOMBALL,4874,Hospital,Q,281-401-7092,Toni.Carnie@hcahealthcare.com,605 Holderrieth Blvd, Tomball,Harris,30.08929,-95.623925,1609424564000,0,0,0,0,,0,300,0,0,,0,300,0,0,,,800,1608703200000,,Yes,1609135200000,1609480800000,refrigerator,Following CDC tier guidance,Natalie Lee,281-401-7567,natalie.lee@hcahealthcare.com,281-401-7710,,yes- EMS responders,281-401-7710,Clover Le,,,,,47
EL PASO CHILDREN'S HOSPITAL,56275,Hospital,I,AOD: 915-996-8174,EPCHAOD@elpasochildrens.org,4815 Alameda, El Paso,El Paso,31.771496,-106.435928,1609507366000,0,0,0,0,,0,0,0,120,,0,0,0,120,,,700,1608703200000,Director of Pharmacy,Yes,1608703200000,1609394400000,Vaccine is being stored in the refrigerator with a data logger,The vaccine is being provided to hospital employees based on a tier system that was developed by Infection Control and Senior Leadership.,Erika Estrada,9155388078,eestrada@elpasochildrens.org,915-298-5444,,No,,Jacqueline Medina,,,,,48
HOUSTON METHODIST WEST HOSPITAL,30155,Hospital,Q,832-522-0043,dymccall@HoustonMethodist.org,18500 Katy Freeway, Houston,Harris,29.785547,-95.696712,1609538694000,0,0,0,0,,0,0,0,580,,0,0,0,580,,,195,1608184800000,Pharmacy Director,Yes,1608098400000,1608703200000,Ultra cold freezer,Group 1A Health care employees,Echefula,(281) 413-5668,eiagbara@houstonmethodist.org,(281) 904-7190,,Yes,(832) 522-0105,Daniel Metzen,,,,,49
HAMILTON GENERAL HOSPITAL,16295,Hospital,L,254-386-1556,dmartin@hamiltonhospital.org,400 N Brown St, Hamilton,Hamilton,31.703861,-98.113458,1609514187000,0,0,0,0,,400,153,0,247,,400,153,0,247,,,0,-2208967200000,Vaccine Coordinator,Yes,1609135200000,1609912800000,Fridge,Tier 1,Kim Edwards,,kedwards@hamiltonhospital.org,,,Satalite Facilies,254-386-1554,,,,,,50
COVENANT HOSPITAL - LEVELLAND,12288,Hospital,B,806-894-4963,amy.land@covlev.org,1900 College Avenue, Levelland,Hockley,33.572881,-102.368798,1609483569000,0,0,0,0,,0,83,0,40,,0,83,0,40,,,200,1609135200000,,Yes,1609135200000,,"Freezer, refrigerator once thawed",Small group. Openned to all healthcare workers at this facility,Wesley Wells,806-786-5983,wwells@covhs.org,806-412-1497,,No,806-894-4963,Ray Hanna,,,,,51
CHILDRESS REGIONAL MEDICAL CENTER,12733,Hospital,A,940-585-9933,kschaefer@childresshospital.com,901 US Hwy 83, Childress,Childress,34.439252,-100.226895,1609512198000,0,0,0,0,,0,70,0,190,,0,70,0,190,,,200,1608703200000,Director of Pharmacy,Yes,1608703200000,1609394400000,Hospital freezer until time of administration,Yes according to Texas DSHS tier list ,Nick Barker R.Ph.,9408395968,nbarker@childresshospital.copm,,,no,9409379229,Kevin Latimer CEO,,,,,52
VALLEY BAPTIST MED CENTER-HARLINGEN,11770,Hospital,V,956-389-3030,house.supervisor@valleybaptist.net,2101 Pease St, Harlingen,Cameron,26.17442,-97.671592,1609549484000,0,0,0,0,,0,0,0,800,,0,0,0,800,,,2925,1608184800000,Dir of Pharmacy,Yes,1608271200000,1608703200000,Ultra-cold freezer ,yes,Tu Johnson,956-893-0201,tu.johnson@valleybaptist.net,,Cameron County EMS,"LTAC, EMS, NH a staff",956-389-1987,Archie Drake (956) 357-0063,,,,,53
Texas Health Resources Infusion Pharmacy ,4422,Hospital,E,Randell Ball,RandellBall@texashealth.org,, Fort Worth,Tarrant,32.73736,-97.33914,1609540945000,6825,3028,8796,3797,,100,0,0,100,,6925,3028,8796,3897,,,0,,,,,,,,,,,,,,,,,,,,54
PERMIAN REGIONAL MEDICAL CENTER,12899,Hospital,J,432-523-2200,dbooth@permianregional.com,720 Hospital Drive, Andrews,Andrews,32.338309,-102.546387,1609513835000,0,0,0,0,,190,190,0,0,,190,190,0,0,,,0,-2208967200000,CNO,Yes,-2208967200000,-2208967200000,Freezer,"Front Line workers, in house staff",Daniel Whitehead,432-523-2200,shughes@permianregional.com,432-523-2200,,,432-523-2200 ,Susan Hughes,,,,,55
OAK BEND MEDICAL CENTER,4840,Hospital,Q,281-238-7844,mphillips@obmc.org,1705 Jackson St, Richmond,Fort Bend,29.57687,-95.771889,1609522844000,0,0,0,0,,0,301,0,560,,0,301,0,560,,,0,-2208880800000,,,-2208880800000,-2208880800000,,,,,,,,,,,,,,,56
MEDICAL CITY - FORT WORTH,4437,Hospital,E,817-347-4352,steven.springer@medicalcityhealth.com,800 9th Ave., Fort Worth,Tarrant,32.735704,-97.346103,1609522327000,0,0,0,0,,0,310,0,300,,0,310,0,300,,,900,1609135200000,Director of Pharmacy,Yes,1609135200000,1610085600000,freezers,Tier program,Jeff Kirkland,817-347-5820,jeff.kirkland@medicalcityhealth.com,817-347-5701,,no,817-347-5701,Jessica Schillig,,,,,57
HENDRICK MEDICAL CENTER NORTH,11695,Hospital,D,325-428-8325,gperry@hendrickhealth.org,"Greg Perry, PharmD",ABILENE,TAYLOR,32.47185,-99.73256,1609520389000,0,0,0,0,,100,210,0,0,,100,210,0,0,,,2925,1608184800000,Director of Pharmacy,Yes,1608271200000,1608703200000,"Ultra-Cold freezer that can store 300,000 doses",We will try to also vaccinate front line employees at Hendrick South campus but if they get supply from our hospital (North) then dose two will come from here as well.,"Greg Perry, PharmD",325-428-8325,gperry@hendrickhealth.org,,,We opened to all first responders in the region to assure no vaccines are wasted per Gov. Abbott directions.,325-670-5550,,,,,,58
HANSFORD COUNTY HOSPITAL DISTRICT ,12737,Hospital,A,806-338-0587,blytheboyd@hchd.net,707 Roland St, Spearman,Hansford,36.190776,-101.200129,1609523870000,0,0,0,0,,0,60,0,0,,0,60,0,0,,,200,1608703200000,CNO,Yes,1608703200000,1609394400000,Freezer/refrigerator,"Tier 1 - employees who have not had COVID or had Covid greater than 90 days ago
Tier 2 - nursing home residents who have not had Covid
Tier 3 Nursing home residents who had Covid greater than 90 days ago
Tier 4 - community residents greater than 65 and those with high risk conditions
",Blythe Boyd,806-659-5812,blytheboyd@hchd.net,806-659-2535,,Hansford Manor,806-659-2535,Joann Schneider,,,,,59
WOODLAND HEIGHTS MEDICAL CENTER - LUFKIN,11583,Hospital,H,936-637-8758,"stephen.bennett@woodlandheights.net, jannett_fowler@chs.net",505 S John Redditt Drive, Lufkin ,Angelina,31.326195,-94.755776,1609521252000,0,0,0,0,,0,55,0,210,,0,55,0,210,,,500,1608530400000,Pharmacy Director,Yes,1608530400000,-2208967200000,Freezer,,Clortis Pradia-Williams,,Clortis.pradiawilliams@woodlandheights.net,936-637-8643,,,936-637-8643,,,,,,60
MEDICAL CITY - WEATHERFORD,4427,Hospital,E,682-582-1881,samuel.miller@medicalcityhealth.com,713 E Anderson St, Weatherford,Parker,32.747477,-97.787192,1609360674000,0,0,0,0,,0,30,0,440,,0,30,0,440,,,600,,Director of Pharmacy,,,,Freezers,Following Tier Guidelines,Dale Jones,972-906-1707,Dale.Jones@HealthtrustPG.com ,,,no,972-906-1707,,,,,,61
UTMB HEALTH LEAGUE CITY CAMPUS,162072,Hospital,R,409-539-0804,jahiggs@utmb.edu,2240 Gulf Freeway South, League City,Galveston,29.480794,-95.099211,1609565997000,50,50,400,200,,0,0,0,0,,50,50,400,200,,,0,-2208621600000,,,-2208621600000,-2208621600000,,,,,,,,,,,,,,,62
UTMB CLEAR LAKE,178687,Hospital,Q,832 â€“ 632- 7383,liostrov@umtb.edu,200 Blossom, Webster,Harris,29.544993,-95.125694,1609565842000,390,409,905,740,,0,0,0,0,,390,409,905,740,,,975,1608530400000,,,1608530400000,1612159200000,Freezers in hospital,CDC Guidelines,Lizeth Ostrovsky ,713-401-0691,liostrov@umtb.edu,,,"Yes, League City Campus",832-632-7383,,,,,,63
USMD HOSPITAL - ARLINGTON,8445,Hospital,E,682-556-1417,Lydia.ameka@usmdhospital.com,801 W I-20, Arlington,Tarrant,32.679302,-97.115483,1609553078000,0,0,0,0,,500,182,0,320,,500,182,0,320,,,500,1609221600000,Director of Pharmacy,Yes,1609221600000,,"We have refrigerators, freezers, and ultra cold freezers to utilize if needed.","Staff, then patients, then community partners and contractors",Ramzi Batrice,682-352-3764,ramzi.batrice@usmdhospital.com,,,"No, not at this time.  Hospital workers first, then 1B",817-472-3860,Amelia Macalua,,,,,64
M. D. ANDERSON,5644,Hospital,Q,713.563.7798,ahayes@mdanderson.org,1515 Holcombe Blvd, Houston,Harris,29.706299,-95.396707,1609542972000,4680,470,9360,2340,,5800,650,0,2410,,10480,1120,9360,4750,,,195,1608703200000,,Yes,1609048800000,1609221600000,ultra cold freezer,Direct Contact staff,Ryan Roux,832-971-9515,rroux@mdanderson.org,713-745-7194,,No,713-792-2870,Tom Prudhomme,,,,,65
UNITED REGIONAL HOSPITAL,6325,Hospital,C,940-764-3631,Jbetts@unitedregional.org,1600 11th St, Wichita Falls,Wichita,33.905913,-98.502674,1609525300000,0,0,0,0,,0,0,0,800,,0,0,0,800,,,975,1608271200000,Pharmacy Director,Yes,1608271200000,1608616800000,CryoFridge,"We have expanded to all phase 1a, 1b, and 2 individuals in order.  As of today we have administered 1096 doses of vaccine.",Nathan Wooten,940-257-9525,nwooten@unitedregional.org,(940) 764-3849,No,No,9407643849,Doan Noe,,,,,66
UNITED MEMORIAL MEDICAL CENTER,8185,Hospital,Q,832-267-3511,lhampton@ummc.care,510 W Tidwell Rd, Houston,Harris,29.847201,-95.407981,1609349893000,0,0,0,0,,300,10,0,300,,300,10,0,300,,,100,1608703200000,Director of Pharmacy,Yes,1608444000000,1609221600000,Freezer -20,Employees in direct contact with Covid positive and potential Covid positive patients,Kyle Goldsmith,281-618-8533,KGOLDSMITH@UMMC.CARE,,,No,281-618-8533,Kyanh Huynh,,,,,67
THOP - SIERRA CAMPUS,6093,Hospital,I,915-747-2829  AOD,charlie.castillo@tenethealth.com,1625 Medical Center St, El Paso,El Paso,31.778131,-106.479596,1609429342000,0,0,0,0,,100,0,0,0,,100,0,0,0,,,0,,,,,,,,,,,,,,,,,,,,68
THOP - MEMORIAL CAMPUS,6092,Hospital,I,915-577-8947  AOD,mark1.phillips@tenethealth.com,2001 N Oregon St, El Paso,El Paso,31.771367,-106.499505,1609428649000,0,0,0,0,,300,363,0,0,,300,363,0,0,,,0,-2208708000000,,Yes,-2208708000000,-2208708000000,,,,,,,,,,,,,,,69
TEXOMA MEDICAL CENTER,4447,Hospital,E,903-416-4113,dglenn@thcs.org,5016 S HWY 75, Denison,Grayson,33.712881,-96.584888,1609422859000,2925,283,7525,4875,,700,0,0,700,,3625,283,7525,5575,,,1675,1608184800000,,Yes,1608184800000,,Freezer/Refrigerator,Healthcare workers and then community,Donna Glenn,903-416-4113,dglenn@thcs.org,,,We are planning with Grayson County for Level 1 A and B,,,,,,,70
"ST. JOSEPH REGIONAL HEALTH CENTER, BRYAN",11712,Hospital,N,979-575-9507,kchristian@st-joseph.org,2801 Franciscan Dr, Bryan,Brazos,30.655981,-96.346721,1609517212000,0,0,0,0,,200,446,1,2180,,200,446,1,2180,,,0,-2208621600000,,,-2208621600000,-2208621600000,,,,,,,,,,,,,,,71
EDINBURG REGIONAL MEDICAL CENTER (STHS),12707,Hospital,V,956-388-6500,yara.mendoza@uhsrgv.com,1102 West Trenton Road, Edinburg,Hidalgo,26.261403,-98.181839,1609426382000,0,0,0,0,,0,30,0,1150,,0,30,0,1150,,,1400,1608703200000,Director of Pharmacy,Yes,1608703200000,1610690400000,Freezer,By risk to exposure.,Ricardo Salinas,956-388-6672,rick.salinas@uhsrgv.com,956-388-6679,,no,956-388-6672,Elma Rodriguez,,,,,72
ST. DAVID'S SOUTH AUSTIN MC,2806,Hospital,O,512-656-1223,jenny.burnett@stdavids.com,901 W. Ben White Blvd, Austin,Travis,30.226256,-97.774351,1609464225000,1950,1801,270,270,,0,0,0,0,,1950,1801,270,270,,,975,1608184800000,Director of Pharmacy,Yes,1608357600000,1608703200000,Ultra low freezer,Staff only,Amy Jones,512-997-5327,amy.jones@healthtrustpg.com,,,No,512-816-6023,,,,,,73
PARIS REGIONAL MEDICAL CENTER NORTH,72515,Hospital,F,903-737-1431(House Office),jynnell.elder@parisrmc.com,865 DeShong Drive, Paris,Lamar,33.689299,-95.548375,1609540684000,0,0,0,0,,0,218,0,0,,0,218,0,0,,,0,1608789600000,,,,,freezers ,,,,,,,,,,,,,,74
PAMPA REGIONAL MEDICAL CENTER,12744,Hospital,A,806 663-5512,mmcmahon@primehealthcare.com,One Medical Drive, Pampa,Gray,35.571362,-100.963823,1609527277000,0,0,0,0,,0,22,0,90,,0,22,0,90,,,200,1608530400000,Pharmacy Manager,Yes,1608616800000,1612159200000,Refrigerator,"COVID front line clinical staff, staggering those in same departments as best we can to avoid short staffing in the event of a reaction.  ",Derek Smith,806-663-5601,dsmith1@primehealthcare.com,806-663-5601,,Contract and FEMA staff,806-663-5601,Roger Davenport,,,,,75
NACOGDOCHES MEDICAL CENTER,11579,Hospital,H,936-615-1820,pamela2.miller@tenethealth.com,4920 NE Stallings Dr, Nacogdoches,Nacogdoches,31.6528,-94.65539,1609518960000,0,0,0,0,,0,310,0,300,,0,310,0,300,,,0,,,,,,,,,,,,,,,,,,,,76
MEMORIAL HERMANN,4832,Hospital,Q,832-531-4295 EPO,michael.olivier@memorialhermann.org,6411 Fannin St, Houston,Harris,29.712581,-95.39463,1609372436000,0,324,1275,1275,,1200,0,0,1200,,1200,324,1275,2475,,,6825,1608012000000,Director of Pharmacy,Yes,1608012000000,1609308000000,Ultra cold freezer,"Front line physicians, front line nursing and axillary staff in COVID units, then staff in non-COVID units and finally support staff ",Sidney Phillips,972-746-6219,sidney.phillips@memorialhermann.org,,No,Administering at day clinics for employees and physicians then beginning to administer to first responders.,,Lisa Spivey,,,,,77
MEMORIAL HERMANN MEMORIAL CITY,4865,Hospital,Q,713-242-2256,Melanie.Aluotto@memorialhermann.org,921 Gessner Rd, Houston,Harris,29.781069,-95.544425,1609511685000,1925,328,6180,3090,,1100,0,0,0,,3025,328,6180,3090,,,0,-2208708000000,Pharmacy Director,Yes,1608444000000,1608703200000,Ultra Low Freezer,"Medical Staff, Frontline Personnel, critical and High risk personnel.",Rodney Cox,(832) 878-6337,rodney.cox@memorialhealth.org,(832) 878-6337,No,No,,Charnae Ross,,,,,78
METHODIST HOSPITAL,45038818316412,Hospital,P,210-274-1417,samantha.reyes2@mhshealth.com,7700 Floyd Curl Dr, San Antonio,Bexar,29.50606,-98.572099,1609435949000,0,933,826,211,,3800,0,0,3800,,3800,933,826,4011,,,2925,1608184800000,Pharmacy Director,Yes,1608271200000,1609135200000,Ultra cold freezer,Group 1A Health care employees,Edward Vonberg,(210) 378-9752,edward.vonberg@healthtrustpg.com,N/A,,NO,(210) 575-6921,N/A,,,,,79
CHI ST. LUKE'S HEALTH MEMORIAL - LUFKIN,11576,Hospital,H,832-537-2698,vpapillion3@stlukeshealth.org,1201 W Frank Ave, Lufkin,Angelina,31.337309,-94.742524,1609520428000,0,0,0,0,,0,261,0,630,,0,261,0,630,,,0,,,Yes,,,,,,,,,,,,,,,,,80
MEDICAL CITY - ARLINGTON,4434,Hospital,E,682-509-4868,donald.tucker2@hcahealthcare.com,3301 Matlock Rd, Arlington,Tarrant,32.691857,-97.114796,1609512197000,0,0,75,75,,0,0,0,500,,0,0,75,575,,,0,-2208708000000,Division VICE President,Yes,-2208708000000,-2208708000000,,,"Dale Jones, RPh, MBA",214.603.9949,Dale.Jones@HealthtrustPG.com ,,,,972.906.1707,,,,,,81
MEDICAL CITY - PLANO,4417,Hospital,E,469-318-0667,gary.clouse@medicalcityhealth.com,3901 W 15th St, Plano,Collin,33.019405,-96.763816,1609548122000,0,372,4710,1530,,0,0,0,100,,0,372,4710,1630,,,2925,1608184800000,Director of Pharmacy,Yes,1608271200000,1609308000000,Freezer,tier program being followed,Anita Rahman,7138999679,Anita.Rahman@medicalcityhealth.com,,No ,No,9725191184,Lesley George,,,,,82
MEDICAL CITY - LAS COLINAS,4398,Hospital,E,972-969-2904,jeremy.rountree@hcahealthcare.com,6800 N MacArthur Blvd, Irving,Dallas,32.902738,-96.958671,1609560064000,0,0,0,0,,0,99,0,430,,0,99,0,430,,,700,1608703200000,,Yes,1608703200000,1610172000000,freezer and refrigerators,the facility has been tiered into groups by our division offices,Bob Bolton,972-969-2160,bob.bolton@medicalcityhealth.com,,,,972-969-2000,Nilambari Naik,,,,,83
MCALLEN MEDICAL CENTER (STHS),11778,Hospital,V,956-632-4012,doug.colburn@uhsrgv.com,301 W Expy 83, McAllen,Hidalgo,26.188339,-98.226804,1609434133000,0,133,1625,795,,0,0,0,0,,0,133,1625,795,,,975,1608184800000,Pharmacy Director,Yes,1608184800000,1608616800000,Ultra cold freezer,Group 1A health care employees,Odessa Hinojosa,(956) 571-1110,odessa.hinojosa@uhrgv.com,(706) 505-7121,,No,(956) 632-4287,Doug Colburn,,,,,84
LONGVIEW REGIONAL MEDICAL CENTER,12592,Hospital,G,903-918-9922,bradley.osburg@longviewregioinal.com,2901 N 4th St, Longview,Gregg,32.532053,-94.728824,1609424627000,0,0,0,0,,600,0,0,600,,600,0,0,600,,,975,1608184800000,,Yes,1608444000000,1609221600000,Ultra cold,All staff members,Bradley Osburg,903-452-1366,bradley.osburg@longviewregional.com,,no,yes multiple local affiliates,,,,,,,85
HCA HOUSTON HEALTHCARE NORTHWEST,4861,Hospital,Q,281-440-2436,SHARON.IKELER@HCAHEALTHCARE.COM,710 Cypress Creek Pkwy, Houston,Harris,30.019351,-95.441022,1609424289000,0,0,0,0,,1100,180,0,920,,1100,180,0,920,,,0,1608357600000,Pharmacy Director,Yes,1608444000000,1608703200000,freezers,Staff and employees,Marshall Steglich,281-467-8282,marshall.steglich@healthtrustpg.com,,yes,No,,Almeta West  281-397-2718,,,,,86
HCA HOUSTON HEALTHCARE PEARLAND,133824,Hospital,R,713-770-7000 Main,gregory.ramos@hcahealthcare.com,11100 Shadow Creek Parkway, Pearland,Brazoria,29.579336,-95.391433,1609510876000,0,0,0,0,,100,0,0,100,,100,0,0,100,,,0,-2208880800000,,,-2208880800000,-2208880800000,,,,,,,,,,,,,,,87
HCA HOUSTON HEALTHCARE KINGWOOD,4856,Hospital,Q,281-348-8018,--,22999 Hwy 59 N, Kingwood,Montgomery,30.047497,-95.253535,1609440330000,0,0,0,0,,400,0,0,400,,400,0,0,400,,,975,1608184800000,Director of Pharmacy,Yes,1608271200000,1608616800000,Refrigerator,Frontline employees first,Mallory Gessner-Wharton,,mallory.gessner@hcahealthcare.com,,,N,2813488432,Juanita Brown,,,,,88
DOCTORS HOSPITAL OF LAREDO,92706,Hospital,T,956 206 9174,--,10700 McPherson, Laredo,Webb,27.606603,-99.478263,1609362299000,0,0,0,0,,0,10,0,570,,0,10,0,570,,,0,,PharmacyDirector,,,,hospital freezer/fridge,yes,Tyson Chapman,940-612-8740,,,,,940-612-8740,,,,,,89
DETAR HEALTHCARE SYSTEM,45014750,Hospital,S,361-788-6310,teresa.vasquez@detar.com,PO Box 2089, Victoria,Victoria,28.80812,-96.99772,1609351277000,0,0,0,0,,0,370,0,1430,,0,370,0,1430,,,1800,1608703200000,,Yes,1608703200000,,freezers,employees,Teresa Stines,,teresa.stines@detar.com,,,no,361-788-6185,Kim Saddler,,,,,90
CITY HOSPITAL WHITE ROCK,4397,Hospital,E,214-324-6146,gina.donahue@cityhospital.us,9440 Poppy Drive, Dallas,Dallas,32.834459,-96.705202,1609518987000,0,0,0,0,,0,100,0,110,,0,100,0,110,,,500,1608703200000,,Yes,1609135200000,1609740000000,freezer/fridge,hospital staff,Holly Sobczak,,holly.sobczak@cityhospital.us,,,no,214-324-6100,Flinn Melanie,,,,,91
CHRISTUS ST. ELIZABETH HOSPITAL,7862,Hospital,R,409-236-6918,misty.dantin@christushealth.org,2830 Calder St, Beaumont,Jefferson,30.085576,-94.131292,1609425119000,975,0,975,975,,300,0,0,300,,1275,0,975,1275,,,975,1608184800000,,Yes,1608271200000,1608703200000,Ultra cold freezer,"Front line nurses/ER/Drs, Nurses, Staff",Santosh Kalathra,409-466-8688,santosh.kalathra@christushealth.org,409-236-8528,"yes, Ortho, Jasper Memorial, Christus St Mary Outpatient",no,,Tommy Welch,,,,,92
CHRISTUS GOOD SHEPHERD - LONGVIEW,12587,Hospital,G,903-372-9533 (cell),jamie.jack@christushealth.org,700 E Marshall Ave, Longview,Gregg,32.501452,-94.73146,1609439759000,0,150,0,0,,0,107,0,500,,0,257,0,500,,,975,1608271200000,,Yes,1608271200000,1608616800000,Dry ice in Pfizer containers within their ultra cold fridge,CDC Guidelines,Jamie Jack,903-372-9533,jamie.jack@christushealth.org,903-315-4000,,Yes,(903) 315-3470,Shelly Johnson,,,,,93
CHI BAYLOR ST. LUKE'S MEDICAL CENTER,4872,Hospital,Q,832-537-2698,vpapillion3@stlukeshealth.org,6720 Bertner St, Houston,Harris,29.707111,-95.399097,1609520081000,0,420,645,645,,0,0,0,0,,0,420,645,645,,,0,,,Yes,,,,,,,,,,,,,,,,,94
CEDAR PARK REGIONAL MEDICAL CENTER,17838,Hospital,O,512-656-1223,Matthew_Berry@cedarparkregional.com,1401 Medical Pkwy, Cedar Park,Williamson,30.531271,-97.811601,1609553503000,0,0,0,0,,900,485,0,550,,900,485,0,550,,,900,1609221600000,Director of Pharmacy,Yes,1609221600000,1610344800000,Ultra-low freezer,"Frontline staff, than regular staff.",Carlon King,512-528-7081,carlon_king@cedarparkregional.com,512-528-7095,,Yes,512-528-7080,Edward Rodriguez,,,,,95
HENDRICK MEDICAL CENTER BROWNWOOD,11688,Hospital,D,325-649-3438,mdwoodard@hendrickhealth.org,1501 Burnet Rd, Brownwood,Brown,31.679855,-98.993279,1609446595000,0,0,0,0,,0,0,0,10,,0,0,0,10,,,1200,1608530400000,Director of Pharmacy/Pharmacist,Yes,1608703200000,1609221600000,"Freezer and Refrigerator
NOTE:  600 of our 1200 doses were not able to be used due to a temperature excursion","per the CDC and DSHS; Phase 1A Healthcare Workers, First Tier, then on to second Tier, ect

*************************NOTE*******************************
600 OF OUR DOSES WERE WASTED DUE TO TEMPERATURE EXCURSON ON 12-21-20; WE RECEIVED A 600 DOSE REPLACEMENT ON 12-23-20 AND BEGAN VACCINATING WITHIN 2 HOURS","Avis Lynn ""Lynnie"" Jalufka",361-524-0029,ajalufka@hendrickhealth.org,,,"EMS, Fire Department, Air Vac",325-649-3442,"Jennifer Jones, RN",,,,,96
BAPTIST HOSPITAL OF SE TEXAS - BEAUMONT,10574,Hospital,R,409-273-2469 (cell),reginald.wasson@bhset.net,3080 College St, Beaumont,Jefferson,30.068467,-94.118981,1609552064000,0,231,3555,1185,,100,0,0,100,,100,231,3555,1285,,,975,1608357600000,Pharmacy Director,Yes,1608444000000,1609480800000,Ultra cold freezer,Group 1A Health care employees,Aily Powell,(409) 540-9619,aily.powell@bhset.net,(409) 679-1903,,No,(409) 212-7282,Chi Amushie,,,,,97
VALLEY REGIONAL MED CENTER,11771,Hospital,V,956-350-7153,Kevin.Johnson2@hcahealthcare.com,100 E Alton Gloor Blvd, Brownsville,Cameron,25.979088,-97.516073,1609421557000,0,0,0,0,,350,100,0,300,,350,100,0,300,,,600,1609135200000,,Yes,1609221600000,1578636000000,freezer,tier based,Irwin Riezenman,956-350-7367,Irwin.Riezenman@HealthTrustPG.com,956-350-7367,,,956-350-7000,Siavash Khaleghi,,,,,98
UTSW-WILLIAM P. CLEMENTS JR. UNIVERSITY,4409,Hospital,E,214-645-8321,derek.trabon@utsouthwestern.edu,6201 Harry Hines Blvd, Dallas,Dallas,32.817851,-96.844782,1609517128000,1170,1097,13744,810,,210,2075,0,0,,1380,3172,13744,810,,,975,-2208880800000,Dir Pharmacy,,1608184800000,1609308000000,Ultra cold,All staff members,Brad Osburg,903-452-1366,bradley.osburg@longviewregioinal.com,,,,903-232-3651,Keith Ellison,,,,,99
CHI- ST. LUKE'S PATIENTS MEDICAL CENTER,16168,Hospital,Q,832-537-2698,vpapillion3@stlukeshealth.org,4600 East Sam Houston Pkwy S, Pasadena,Harris,29.64118,-95.16212,1609518822000,0,0,0,0,,0,65,0,620,,0,65,0,620,,,0,,,,,,,,,,,,,,,,,,,,100
HOUSTON METHODIST HOSPITAL - TMC,4873,Hospital,Q,713-441-8181 ,operationsadministrators@HoustonMethodist.org,6565 Fannin St, Houston,Harris,29.709908,-95.399723,1609538928000,0,0,3618,3618,,0,290,0,4650,,0,290,3618,8268,,,1500,1608098400000,Pharmacy Director,Yes,1608098400000,1609480800000,Ultra cold freezer,Group 1A Health care employees,Stephen Ma,(281) 757-3410,sma@houstonmethodist.org,(281) 904-7190,,No,(346) 356-1756,Daniel Metzen,,,,,101
COVENANT HOSPITAL - PLAINVIEW,12289,Hospital,B,806-296-5531,lhackett@covplv.org,2601 Dimmitt Rd, Plainview,Hale,34.206576,-101.732656,1609360686000,0,0,0,0,,0,0,0,850,,0,0,0,850,,,1000,1608703200000,PIC,Yes,1609135200000,-2208967200000,freezer in pharmacy,,Marcelino Godino,806-729-4795,godinom1@providence.org,,,,806-291-3304,Raye Nell Hanna,,,,,102
MEDICAL CITY - DENTON,4441,Hospital,E,940-384-3488,David.Bridges@MedicalCityHealth.com,3535 South I-35 E, Denton,Denton,33.175496,-97.092075,1609562593000,0,0,0,0,,0,66,0,900,,0,66,0,900,,,1300,1608530400000,Director of Pharmacy,Yes,1608530400000,1610085600000,Freezer/Refrigerator,"Tier 1A, 1B, 1C, 2, 3",Dale Jones,940-384-3125,Dale.Jones@HealthtrustPG.com,940-384-3000,,No,19729061707,Marilyn Jackson,,,,,103
LAREDO MED CENTER,92557,Hospital,T,956-796-4810,LaredoTX_BedControl_staff@grp.chs.net,1700 E. Saunders, Laredo,Webb,27.532485,-99.478077,1609522626000,0,270,2160,678,,0,0,0,0,,0,270,2160,678,,,975,1608616800000,Quality Management Director,Yes,1608184800000,1610690400000,Ultra-cold storage.,"Staff, physicians, and medical residents.",Erika Cavazos-Juarez,956-231-8926,adelita_ghazy@chs.net,956-231-8926,No,No,956-796-3197,Adelita Ghazy,,,,,104
LAKE GRANBURY MEDICAL CENTER,4433,Hospital,E,817-408-3239,"kenneth_rogers@chs.net, ",1310 Paluxy Rd, Granbury,Hood,32.431284,-97.80343,1609523706000,0,0,0,0,,2175,1318,0,160,,2175,1318,0,160,,,0,-2208967200000,,,-2208967200000,-2208967200000,,,Denise Pretz ,817-374-5689,Denise_Pretz@chs.net,,,,,,,,,,105
HCA HOUSTON HEALTHCARE WEST,4875,Hospital,Q,281-588-8080,Kenny.Russo@hcahealthcare.com       ,12141 Richmond Ave, Houston,Harris,29.730212,-95.594996,1609435459000,0,0,0,0,,0,116,0,460,,0,116,0,460,,,0,-2208621600000,,,-2208621600000,-2208621600000,,,,,,,,,,,,,,,106
UTMB HEALTH ANGLETON DANBURY CAMPUS*,7858,Hospital,R,979-549-8694,jrgarner@utmb.edu,132 E Hospital Dr, Angleton,Brazoria,29.184744,-95.404716,1609565682000,0,121,315,0,,300,60,0,380,,300,181,315,380,,,0,-2208967200000,,Yes,-2208967200000,-2208967200000,,,Samantha Burridge,979-848-9149,sdburrid@UTMB.EDU,832-632-7383,,,979-849-7721,Liz Otrovsky,,,,,107
UNIVERSITY OF TEXAS MEDICAL BRANCH,7866,Hospital,R,832-530-7965,doparker@utmb.edu,301 University Blvd, Galveston,Galveston,29.308903,-94.773886,1609566082000,1950,1745,7750,2065,,4300,0,0,4300,,6250,1745,7750,6365,,,2925,1608098400000,Sr. Supply Coordinator,Yes,1608098400000,1609048800000,Freezers on hand,Frontline staff per CDC Guidance. Galveston Co,Dora Parker,,doparker@utmb.edu,281-785-5695,,Galveston Co First Responders,832-530-7965,Janak Patel,,,,,108
WADLEY REGIONAL MED CENTER,7968,Hospital,F,903-798-8034,--,1000 Pine St, Texarkana,Bowie,33.428827,-94.047455,1609424790000,0,0,1390,695,,200,0,0,200,,200,0,1390,895,,,975,1608098400000,Director of Pharmacy,Yes,1608098400000,-2208967200000,ultra cold freezer,employees first ,Stacy Wise,903-798-7032,stacy.lindsey@steward.org,,,no,903-798-7036,,,,,,109
HCA HOUSTON HEALTHCARE NORTH CYPRESS,14762,Hospital,Q,281-898-0532,jim.bunch@hcahealthcare.com,21214 Northwest Fwy, Cypress,Harris,29.924961,-95.629807,1609436416000,0,0,0,0,,1570,60,0,740,,1570,60,0,740,,,0,-2208880800000,,,-2208880800000,-2208880800000,,,,,,,,,,,,,,,110
ST. JOSEPH MEDICAL CENTER,4833,Hospital,Q,832-977-1390,elizabeth.rothrock@steward.org,1401 St Joseph Pkwy, Houston,Harris,29.748148,-95.366788,1609532640000,0,0,0,0,,0,133,0,1210,,0,133,0,1210,,,0,-2208621600000,,,-2208621600000,-2208621600000,,,,,,,,,,,,,,,111
CHRISTUS SPOHN KLEBERG,11500,Hospital,U,469-282-0719,justin.simon@christushealth.org,1311 East General Cavazos Boulevard, Kingsville,Kleberg,27.491449,-97.847583,1609454315000,0,0,0,0,,0,58,0,0,,0,58,0,0,,,0,1609135200000,Pharmacy Manager,Yes,1609221600000,1609912800000,Freezers,medical staff/ nursing and patients facing staff and nonessential staff and remote workers,Landon Current,361-595-9771,Landon.Current@christushealth.org,469-282-0719,,no,361-881-6361,Justin Simon,,,,,112
BAYLOR SCOTT WHITE MC - FRISCO,13997,Hospital,E,214-865-4392,marisa.valdes@bswhealth.org,5601 Warren Parkway, Frisco,Collin,33.105276,-96.838017,1609521323000,0,0,0,0,,0,350,0,1392,,0,350,0,1392,,,0,,Pharmacy Director,,,,freezers,Staff and employees,Marshall Steglich,281-467-8282,marshall.steglich@healthtrustpg.com,,,,,Almeta West  281-397-2718,,,,,113
GUADALUPE REGIONAL MEDICAL CTR - SEGUIN,45010411,Hospital,P,830-401-7587,npatek@grmedcenter.com,1215 E Court St, Seguin,Guadalupe,29.567991,-97.947366,1609508534000,0,0,0,0,,0,110,0,0,,0,110,0,0,,,800,1608703200000,Director of Pharmacy,Yes,1608703200000,1609394400000,Refrigerator,All hospital employees eligible immediately ,Scott Mozisek,979-820-1606 ,smozisek@grmedcenter.com,830-401-7868,,No,830-401-7868,Christina McKay,,,,,114
TEXAS ORTHOPEDIC HOSPITAL ,8681,Hospital,Q,713-794-3501,belinda.ynfante@hcahealthcare.com,7401 Main St, Houston,Harris,29.701204,-95.408942,1609366673000,0,0,0,0,,92,92,0,220,,92,92,0,220,,,300,1609135200000,DIRECTOR OF PHARMACY,Yes,1609221600000,1609740000000,refrigerators,covid prioritization,Charles Hannibal,713-794-3546,charles.hannibal@hcahealthcare.com,charles.hannibal@hcahealthcare.com,,no,713-794-3546,Kemp Jacks,,,,,115
EL CAMPO MEMORIAL HOSPITAL,8651,Hospital,Q,979-543-6251,flerma@ecmh.org,303 Sandy Corner Rd, El Campo,Wharton,29.219096,-96.290617,1609433913000,0,0,0,0,,300,40,0,280,,300,40,0,280,,,0,1609221600000,CNO,Yes,1609308000000,1610776800000,refrigerator,Frontline staff working in close contact with COVID Patients,Frances Lerma,512-828-9739,hwalters@ecmh.org,(979)578-5197,,"EMS, Police, clinic personnel",979-578-5124,Heather Walters,,,,,116
CHRISTUS MOTHER FRANCES - WINNSBORO,12605,Hospital,G,903-342-3949,--,719 W Coke Rd, Winnsboro,Wood,32.946508,-95.309425,1609548465000,0,0,0,0,,0,20,0,80,,0,20,0,80,,,100,1608703200000,Manager ,Yes,1609135200000,1611813600000,freezer,healthcare workers,Jacqueline Bozick,903-606-4311,jacqueline.bozick@christushealth.org,Pharmacy Operations,,,903-342-5227,James Tyler,,,,,117
JACKSON COUNTY HOSPITAL DISTRICT,45136331,Hospital,S,361-781-4026,tgrewe@jchd.org,1013 S Wells St, Edna,Jackson,28.970198,-96.636195,1609509748000,0,0,0,0,,0,100,0,110,,0,100,0,110,,,300,1608703200000,Director,Yes,1609135200000,1610863200000,Refrigerator,"Tier 1 Healthcare Employees
Tier 2 First Responders
Tier 3 Geriatric Population",TAMMY ZAJICEK,3612350268,tammyz@jchd.org,361-782-7853- tinas@jchd.org,," Fire Department, Police Department, EMS, Day Care Center Employees",3617827824,TINA SCHOELLMANN,,,,,118
HILL REGIONAL HOSPITAL,12959,Hospital,M,254-580-8925,--,101 Circle Dr, Hillsboro,Hill,32.012217,-97.10011,1609443599000,0,0,0,0,,0,110,0,30,,0,110,0,30,,,200,1609221600000,Director of Infection Patrol,Yes,1609221600000,,Freezer in pharmacy,"Front line workers, other in house employees.",Valerie Michelle Valero,254-580-8780,vvalero,254-580-8780,,Not at the moment,254-580-8801,Syed Usman,,,,,119
CORNERSTONE REGIONAL HOSPITAL,12411,Hospital,V,956-618-4444,rvillarreal@cornerstoneregionalhospital.com,2302 Cornerstone Blvd, Edinburg,Hidalgo,26.262851,-98.20067,1609555478000,0,0,0,0,,124,234,0,100,,124,234,0,100,,,300,1609135200000,CEO,Yes,1609135200000,1609740000000,freezers ,"Tier 1
Tier 2
tier 3",Andrew Wilson,817-881-6708,Andrew.Wilson@uhsinc.com,956-972-6420,,No,956-618-4444,Ochoa Jenna,,,,,120
CROSBYTON CLINIC HOSPITAL,12290,Hospital,B,806-675-2382,freda.bartlett@crosbytonclinichospital.com,710 W Main St, Crosbyton,Crosby,33.659999,-101.245714,1609451966000,0,0,0,0,,0,55,0,0,,0,55,0,0,,,100,1608703200000,Pharmacy Manager,Yes,1608789600000,1609826400000,freezer,"Patient Facing 
",Debbie Tue,806-675-8747,dtue@crosbytonclinichospital.com,806-675-2382,,,806-675-8747,Maria Garcia,,,,,121
NORTH RUNNELS HOSPITAL,14553,Hospital,K,325-754-4553,bcollom@aol.com,Texas Highway 153, Winters,Runnels,31.956823,-99.93988,1609507768000,0,0,0,0,,400,60,0,140,,400,60,0,140,,,0,-2208967200000,Clinic Supervisor,Yes,-2208967200000,-2208967200000,,,Lizzy Erh RN,325-260-7798,lerh@nrhd.org,,,,325-754-1317,Red Gerhart ICNO,,,,,122
EL PASO PSYCHIATRIC CENTER ,12711,Hospital,I,915-532-2202,zulema.carrillo@hhsc.state.tx.us,4615 Alameda Ave, El Paso,El Paso,31.771442,-106.436599,1609447936000,0,0,0,0,,100,30,0,90,,100,30,0,90,,,15,1608184800000,Medical Director,Yes,-2208967200000,-2208967200000,Medication refrigerator,As determined by the Medical Director,Ames Marquez,9152556575,Ames.Marquez@hhs.texas.gov,,,No,,Elisa Garcia,,,,,123
TERRELL STATE HOSPITAL,14024,State Hospital,E,(972) 524-6452,debra.rusky@hhs.texas.gov,1200 East Brin St, Terrell,Kaufman,32.74161,-96.26408,1609450081000,0,132,1085,530,,200,0,0,200,,200,132,1085,730,,,195,1608184800000,,Yes,1608184800000,1611295200000,Dry ice in Pfizer containers,CDC Guidelines  - started patients,Elizabeth Kurian,,elizabeth.kurian@hhs.texas.gov,,,No,(972) 524-6452,Tomy Lukose,,,,,124
BROWNFIELD REGIONAL MEDICAL CENTER,12285,Hospital,B,806 637 3551 Ext 332,sbetterton@brownfield-rmc.org,705 E Felt St, Brownfield,Terry,33.187081,-102.267751,1609487531000,0,0,0,0,,0,290,0,10,,0,290,0,10,,,300,1608703200000,CNO,Yes,1608703200000,1609135200000,refrigerator,"front line, first responders, high risk population",Melissa Campbell,,monica.ruiz@brownfield-rmc.org,806-637-3551,,Police Fire fighters ,806-637-3551 ,Monica Ruiz,,,,,125
SABINE COUNTY HOSPITAL - HEMPHILL*,11581,Hospital,H,409-787-3300,bhenson@sabinecountyhospital.com,2301 Worth Steet, Hemphill,Sabine,31.326849,-93.86933,1609436087000,0,0,0,0,,0,20,0,80,,0,20,0,80,,,100,1609221600000,Pharmacy Manager,Yes,,,Freezer,"Front Line Workers, Remaining Hospital Staff and Clinic, Priority Patients",Odie McKinley,936.201.8904,omckinley@sabinecountyhospital.com,,,Possibly,409.787.5006,Jerry Howell,,,,,126
SAN ANTONIO STATE HOSPITAL BH,165365,State Hospital,P,210-532-8811,--,6711 New Braunfels Ave., San Antonio,Bexar,29.359255,-98.448676,1609355362000,0,0,0,0,,200,0,0,200,,200,0,0,200,,,0,,Administrator,Yes,,,Dry Ice,Medical staff then service staff,Maria Ostrander,210-531-7775,maria.ostrander2@HHS.texas.gov,210-531-8288,"No, but if they have left over units after the first round, they will eval then",Once they determine how many units are left they will open to other facilities,,Misty Tomkiewicz,,,,,127
ELECTRA MEMORIAL HOSPITAL,8696,Hospital,C,940-782-7222,david.lee@electrahospitol.com,1207 South Bailey, Electra,Wichita,34.018167,-98.924845,1609552916000,0,0,0,0,,0,255,0,0,,0,255,0,0,,,300,1608703200000,Pharmacy Director,Yes,1608703200000,1609308000000,negative degree Freezer,"CDC  Guidelines - finished tier 1, now over 65 (high risk)",DAVID LEE,940-782-7222,DAVID.LEE@ELECTRAHOSPITAL.COM,,,No,940-495-5205,APRIL SHELLEY,,,,,128
UNIVERSITY HOSPITAL,45021318210112400,Hospital,P,210-358-2525, pablo.rojas@uhs-sa.com ,4502 Medical Dr, San Antonio,Bexar,29.509049,-98.574002,1609562051000,0,0,0,0,,1600,0,0,0,,1600,0,0,0,,,2925,1608271200000,agans,Yes,1608271200000,,freezers,hospital staff/,donavan,,donovan.agans@uhs-sa.com,,,,,,,,,,129
ST. DAVID'S SURGICAL HOSPITAL,168919,Hospital,O,512-901-1119,--,1201 W Louis Henna Blvd, Austin,Travis,30.477774,-97.691256,1609482650000,0,0,0,0,,100,173,0,30,,100,173,0,30,,,200,1609221600000,Pendley,Yes,1609308000000,1610517600000,Refrigerators ,Yes - Tier system starting with those with direct contact to COVID patients. ,Rusty,512-695-1351,rusty.pendley@stdavids.com,407-595-3353,,Yes,512-901-1414,Leslie Getchell 407-595-3353,,,,,130
ST. DAVID'S CHILDRENS HOSPITAL,168920,Hospital,O,512-901-1414,rusty.pendley@stdavids.com,12221 N MoPAC Expwy, Austin,Travis,30.41132,-97.706098,1609547191000,0,138,15,0,,900,0,0,900,,900,138,15,900,,,975,1608184800000,Director of Pharmacy,Yes,1608444000000,1609308000000,Ultra-low freezer,"Direct contact staff, than remainder staff.",Rusty Pendley,512-695-1351,rusty.pendley@stdavids.com,,,No,512-901-1414,,,,,,131
TEXAS SCOTTISH RITE HOSPITAL,14025,Hospital,E,214-559-5000,kyle.cavin@tsrh.org,2222 Welborn Street, Dallas,Dallas,32.80172,-96.814586,1609523306000,0,24,364,364,,0,0,0,200,,0,24,364,564,,,0,-2208621600000,Pharmacy Director,Yes,-2208621600000,-2208621600000,Freezer,medical staff/ nursing and patients facing staff and nonessential staff and remote workers,Debbie Sayles,214) 559-7809,joette.anderson@tsrh.org,,frisco location will share with Dallas location,Frisco location is sister location,,,,,,,132
MOORE COUNTY HOSPITAL DISTRICT,12740,Hospital,A,806-934-7847,kgalloway@mchd.net,224 E 2nd St, Dumas,Moore,35.86417,-101.971831,1609427676000,0,0,0,0,,300,0,0,0,,300,0,0,0,,,200,1608703200000,Chief Nursing Officer (CNO),Yes,1609221600000,1609740000000,No fizer so no freezer needed maderna,Tier program being followed,Rhonda crow,806-934-7847,rcrow@mchd.net, 806-935-7171 ex 22400,,Nursing home, 806-935-7171 ex 22400,Kelly Galloway,,,,,133
CHST CHILDREN'S MEDICAL CENTER - PLANO,17141,Hospital,E,214-213-0818,dana.derossett@childrens.com,7601 Preston Rd, Plano,Collin,33.080029,-96.798389,1609506087000,0,0,0,0,,0,475,6,768,,0,475,6,768,,,200,1609221600000,Pharmacy Director,Yes,1608703200000,1610172000000,refrigerators,yes by tiers of healthcare providers,Terrance Crooks,469-243-8909,terrance.crooks@childrens.com,,,No,,Jill Ellis,,,,,134
BIG SPRING STATE HOSPITAL,17740,State Hospital,B,432-268-7222,traci.phillips@hhs.texas.gov,1901 North Highway 87, Big Spring,Howard,32.26958,-101.4945,1609553133000,0,0,0,0,,0,0,0,360,,0,0,0,360,,,0,-2208967200000,,Yes,-2208967200000,-2208967200000,Freezer at hospital,"Front Line, hospital staff",Stormy Ward,432-268-7616,Stormy.Ward@hhs.texas.gov,432-268-7531,,,432-267-8216,Lindsay Jaques,,,,,135
KNAPP MEDICAL CENTER,11775,Hospital,V,956-969-5113,--,1401 E 8th St, Weslaco,Hidalgo,26.152016,-97.978605,1609510132000,0,0,0,0,,0,82,0,190,,0,82,0,190,,,600,1608703200000,,Yes,1608703200000,1608876000000,Refrigerator,Healthcare workers and hospital staff,Maria Galvan,956-973-5995,melba.zambrano@knappmed.org,956-969-5363,,No,956-969-5363,Claudia Sanders,,,,,136
BALLINGER MEMORIAL HOSPITAL,14542,Hospital,K,325-365-2531,beckye@bmhd.org,608 Avenue B, Ballinger,Runnels,31.750197,-99.962042,1609518899000,0,0,0,0,,0,80,0,150,,0,80,0,150,,,0,-2208967200000,,Yes,1608703200000,1609480800000,,"Health care workers and first responders, Essential",,,,,,,,,,,,,137
TEXOMA MEDICAL CENTER BONHAM,6840,Hospital,E,903-249-2496,Amy.Norwood@thcs.org,504 Lipscomb St, Bonham,Fannin,33.578086,-96.166956,1609508960000,0,0,0,0,,0,0,0,330,,0,0,0,330,,,0,-2208967200000,,Yes,-2208967200000,-2208967200000,,,,,,,,,,,,,,,138
MITCHELL CO. HOSPITAL,11703,Hospital,D,325-728-3431,--,Interstate 20, Colorado City,Mitchell,32.406523,-100.875757,1609518300000,0,0,0,0,,0,200,0,100,,0,200,0,100,,,300,1609135200000,,Yes,1609135200000,1609912800000,freezers and refrigerators,"Healthcare employees - including all hospital employees, employees and residents of nursing home, employees of TDCJ that are employed by the hospital; community first responders - DPS, sheriff, police, fire, pharmacists; local government leaders; funeral home employees; school nurses/teachers ",Lesli Tomlin,325-728-3431,ltomlin@mitchellcountyhospital.com,325-728-3431,,"Nursing home, community first responders - fire department and police department, TDCJ employys",325-728-3431 ,Misty Lendermon,,,,,139
CHRISTUS MOTHER FRANCES - JACKSONVILLE,12607,Hospital,G,903-606-4316,james.tyler@christushealth.org,2026 S Jackson St, Jacksonville,Cherokee,31.944396,-95.25822,1609562007000,0,0,0,0,,100,0,0,200,,100,0,0,200,,,0,-2208967200000,,Yes,-2208967200000,-2208967200000,,,James Tyler,903-606-4316,James.tyler@christushealth.org,469-282-0719,,,,Justin Simon,,,,,140
HOUSTON METHODIST CLEAR LAKE HOSPITAL,4853,Hospital,R,2819007274,Sglazer@houstonmethodist.org,18300 St John Dr, Houston,Harris,29.549999,-95.08527,1609539086000,0,36,0,0,,0,10,0,190,,0,46,0,190,,,195,1608184800000,Pharmacy Director,Yes,1608184800000,1609135200000,Ultra cold freezer,Group 1A Health care employees,Thani Gossai,(281) 468-3742,tgossai@houstonmethodist.org,(281) 851-7430,,No,(281) 523-2126,Dori Casavesshia,,,,,141
HOUSTON METHODIST WILLOWBROOK,4867,Hospital,Q,281-737-4747,cespinosa@houstonmethodist.org,18220 Tomball Pkwy, Houston,Harris,29.964073,-95.550797,1609539217000,0,0,0,0,,0,40,0,880,,0,40,0,880,,,975,1608184800000,Pharmacy Director,Yes,1608098400000,1608616800000,Thermal shipping boxes (Dry Ice),Group 1A Health care employees,Linda Drucker,(832) 319-9853,lgdrucker@houstonmethodist.org,(281) 382-6789,,No,(281) 737-1400,Dayo Osho,,,,,142
Brenham State Supported Living Center,6006,SSLC,N,,robin.blankenburg@hhs.texas.gov,4001 Hwy 36S ,Brenham,Washington,30.12315801,-96.39135318,1609533014000,0,0,0,0,,300,120,1,180,,300,120,1,180,,,0,,,,,,,,,,,,,,,,,,,,143
HEMPHILL COUNTY HOSPITAL,12738,Hospital,A,806-323-6422,christy@hchdst.org,1020 S 4th St, Canadian,Hemphill,35.902874,-100.387404,1609512417000,0,0,0,0,,200,150,0,50,,200,150,0,50,,,200,1609135200000,,Yes,1609221600000,1610431200000,Stored in a Freezer.,Prioritization is based on CDC and State of Texas guidelines. ,Rich Henkel,806-323-6422,rhenkel@hchdst.org,806-323-6422,,"EMS, Education staff, Daycare, Fire Department, Postal Workers, and other front lines workers. ",806-323-9706,Denise Kidd,,,,,144
MEDICAL ARTS HOSPITAL - LAMESA,12297,Hospital,B,806-872-5727,xperez@medicalartshospital.org,2200 North Bryan, Lamesa,Dawson,32.746596,-101.965368,1609520355000,0,0,0,0,,100,0,0,100,,100,0,0,100,,,0,,,,,,,,,,,,,,,,,,,,145
LAMB HEALTHCARE CENTER,12293,Hospital,B,806-385-6411,cklein@lambhc.org,1500 S Sunset Ave, Littlefield,Lamb,33.912592,-102.34542,1609519550000,0,0,0,0,,200,81,1,120,,200,81,1,120,,,0,-2208967200000,Employee Health Officer,Yes,-2208967200000,-2208967200000,,,Elizabeth Vargas,8065443081,evargas@lambhc.org,,,,8063856411,Stacie Styron,,,,,146
COVENANT CHILDREN'S HOSPITAL,11654,Hospital,B,806-725-0611,--,4200 22nd place, Lubbock,Lubbock,33.57415,-101.902972,1609483424000,0,0,0,0,,0,232,0,360,,0,232,0,360,,,100,1609135200000,,Yes,,,"Freezer, Refrigerator once thawed",Reached out to affiliates or those healthcare workers not tied to an existing entity.,Wesley Wells,806-786-5983,wwells@covhs.org,,,"Stand-alone EDs, Aerocare, Rehab facilities, Rural hospitals",806-725-6731,Raye Nell Hanna,,,,,147
COVENANT MEDICAL CENTER,11653,Hospital,B,806-725-0611,sbiggs@covhs.org,3615 19th St, Lubbock,Lubbock,33.576963,-101.891903,1609483146000,0,146,975,975,,0,0,0,700,,0,146,975,1675,,,100,1609135200000,Pharmacy Director,Yes,,,"Freezer, refrigerator once thawed","Risk stratified caregivers based on work location, job description, self assessment, and interest in receiving vaccine. Poor adoption by staff. Limited based on their interest",Wesley Wells,806-786-5983,wwells@covhs.org,214-663-1562,,"Pfizer within the organization, Moderna is outside",806-725-4451,Meredith Cunningham,,,,,148
CRANE  MEMORIAL HOSPITAL,12904,Hospital,J,432-558-3555," jincyb@cranememorial.org, ptouchstone@cranememorial.org",1310 S Alford St, Crane,Crane,31.389674,-102.349942,1609521370000,0,0,0,0,,10,20,0,10,,10,20,0,10,,,0,-2208621600000,,,-2208621600000,-2208621600000,,,,,,,,,,,,,,,149
BEN TAUB GENERAL,4831,Hospital,Q,713-873-2628,William.David@harrishealth.org,1504 Taub Loop, Houston,Harris,29.711109,-95.393751,1609549451000,975,0,1015,1015,,0,0,0,1100,,975,0,1015,2115,,,1950,1608271200000,,Yes,1608357600000,1608789600000,Ultra Cold freezer.,Not reported,Glorimar Medina,832-878-6503,donna.mckee@harrishealth.org,,None,UT-McGovern School of Medicine,,,,,,,150
HUNTSVILLE MEMORIAL,4862,Hospital,Q,936-291-4553,amanda.wheeler@hmh.cc,110 Memorial Hospital Dr, Huntsville,Walker,30.698215,-95.557748,1609529773000,0,0,0,0,,600,249,1,350,,600,249,1,350,,,0,-2208621600000,,,-2208621600000,-2208621600000,,,,,,,,,,,,,,,151
REFUGIO COUNTY MEMORIAL HOSPITAL,11512,Hospital,U,361 526 2321,jmoehler@rmchospital.org,107 Swift St, Refugio,Refugio,28.306028,-97.279532,1609504455000,0,0,0,0,,300,336,0,0,,300,336,0,0,,,0,-2208967200000,,Yes,-2208967200000,-2208967200000,,,Corey Wasicek,361-526-2321,CWASICEK@RCMHOSPITAL.ORG,361-526-2321,,,361-526-2321,Barbara Sheive,,,,,152
COMANCHE COUNTY MEDICAL CENTER,11690,Hospital,D,254-879-4901,--,10201 Highway 16 North, Comanche,Comanche,31.9666,-98.563719,1609373623000,0,0,0,0,,300,305,0,0,,300,305,0,0,,,0,-2208967200000,,,-2208967200000,-2208967200000,,,,,,,,,,,,,,,153
RIO GRANDE STATE CENTER,12414,Hospital,V,956-364-8304,ray.ramos@dshs.state.tx.us,1401 Rangerville Rd, Harlingen,Cameron,26.158104,-97.709548,1609478241000,0,0,0,0,,0,100,0,140,,0,100,0,140,,,600,1608703200000,Outpatient Pharmacy Director,Yes,1608703200000,1609394400000,Pharmaceutical-grade freezers and refrigerators.,Healthcare workers with high to moderate risk of infection are first priority.  Healthcare workers with low risk of infection are second priority.,"Arturo, Olivarez",9567783988,arturo.olivarez@hhs.texas.gov,956-364-8741,,NO.,956-364-8741,"Norma, Barron",,,,,154
MCCAMEY COUNTY HOSPITAL DISTRICT,12905,Hospital,J,432-6936072,agriswold@mchdtx.net,2500 S Hwy 305, MC Camey,Upton,31.114202,-102.211068,1609518981000,0,0,0,0,,0,100,0,0,,0,100,0,0,,,0,-2208621600000,,,-2208621600000,-2208621600000,,,,,,,,,,,,,,,155
COGDELL MEMORIAL HOSPITAL,12291,Hospital,B,325-207-6851 or 325-574-7383,cmh.brollins@cogdellhospital.com,1700 Cogdell, Snyder,Scurry,32.688476,-100.916035,1609433197000,0,0,0,0,,23,23,0,377,,23,23,0,377,,,975,1608184800000,Administrator,,1608184800000,1611208800000,Ultra-cold thermal shipper,"Staff, then patients, then hospital community partners and contractors",Regina Thompson,512-550-3525,regina.thompson@hhs.texas.gov,,,,,Dr. Lisa Mican,,,,,156
MEMORIAL HOSPITAL - SEMINOLE,12298,Hospital,B,432-758-4802,tguffey@seminolehospitaldistrict.com,209 NW 8th St, Seminole,Gaines,32.719781,-102.653703,1609351826000,0,0,0,0,,100,0,0,390,,100,0,0,390,,,400,1608703200000,CCOO,Yes,1609135200000,1609826400000,Freezer,Health care workers and long term care,Maegen Garner,8065446921,mgarner@seminolehospitaldistrict.com,432-758-4957,,Memorial place assisted living,432-758-4735,Rebecca Sumrow,,,,,157
CHRISTUS GOOD SHEPHERD - MARSHALL,12593,Hospital,G,903-926-4689,william.ulbig@christushealth.org,811 S Washington Ave, Marshall,Harrison,32.537331,-94.367839,1609440429000,0,0,0,0,,0,80,0,270,,0,80,0,270,,,975,1608184800000,,Yes,1608184800000,1608530400000,Dry ice in Pfizer containers within their ultra cold fridge,CDC Guidelines,Jamie Jack,903-372-9533,jamie.jack@christushealth.org,469-282-0719,,Yes,(903) 315-3470,Shelly Johnson,,,,,158
HEREFORD REGIONAL MEDICAL CENTER,12739,Hospital,A,806-349-9199,Candice.Smith@dschd.org,540 West 15th St., Hereford,Deaf Smith,34.836798,-102.414396,1609432781000,0,0,0,0,,0,80,0,80,,0,80,0,80,,,0,-2208967200000,,,-2208967200000,-2208967200000,,,,,,,,,,,,,,,159
PARMER MEDICAL CENTER,12746,Hospital,A,806-729-1804,dcarpenter@parmermedicalcenter.com,1307 Cleveland Ave, Friona,Parmer,34.643358,-102.72109,1609521842000,0,0,0,0,,0,60,0,40,,0,60,0,40,,,0,-2208967200000,,,-2208967200000,-2208967200000,,,,,,,,,,,,,,,160
MEDICAL CENTER HOSPITAL,12891,Hospital,J,432-640-1138,transfercenter@echd.org,500 W 4th St, Odessa,Ector,31.845315,-102.373158,1609547769000,0,0,0,0,,0,0,0,700,,0,0,0,700,,,400,1608703200000,Emergency Management Coordinator,Yes,1609135200000,1610690400000,refrigerators and freezers,yes,Amanda Everett,432-212-0788,aeverett1@echd.org,432-640-4000,,"rural hospitals, 911 responders, Medical Examiners, school nurses, correctional facility nurses, ",432-212-0788,Brenda Dalrymple,,,,,161
MEMORIAL HOUSTON SURGERY CENTER,172193,Hospital,Q,346-352-1820,michelle.rivas@scasurgery.com,9230 Katy Freeway,Katy,Harris,29.78547,-95.519526,1609509121000,1950,42,3883,1283,,0,0,0,0,,1950,42,3883,1283,,,0,-2208621600000,,,-2208621600000,-2208621600000,,,,,,,,,,,,,,,162
GONZALES HEALTHCARE SYSTEMS,177395,Hospital,P,--,tfreeman@gonzaleshealthcare.com,1110 N Sarah DeWitt Dr., Gonzales,Gonzales,29.517148,-97.431639,1609561495000,0,0,0,0,,0,41,2,239,,0,41,2,239,,,0,-2208448800000,,,-2208448800000,-2208448800000,,,,,,,,,,,,,,,163
POST ACUTE MEDICAL HOSP CC NORTH,144931,Hospital,U,--,hbernal@postacutecorpuschristi.com,600 Elizabeth Dr, Corpus Christi,Nueces,27.778251,-97.394844,1609524588000,0,0,0,0,,100,40,0,60,,100,40,0,60,,,0,-2208621600000,,,-2208621600000,-2208621600000,,,,,,,,,,,,,,,164
MEMORIAL MEDICAL CENTER,6275,Hospital,P,361-552-0442,eclevenger@mmcportlavaca.com,815 N. Virginia St.,Port Lavaca,CALHOUN,28.620825,-96.631857,1609515227000,0,0,0,0,,0,317,0,50,,0,317,0,50,,,0,-2208967200000,,,-2208967200000,-2208967200000,,,,,,,,,,,,,,,165
FAITH COMMUNITY HOSPITAL,7949,Hospital,C,940-216-2253,smarion@fchtexas.com,215 Chisolm Trail, Jacksboro,Jack,33.226023,-98.169189,1609522623000,0,0,0,0,,200,60,0,140,,200,60,0,140,,,0,-2208967200000,,,-2208967200000,-2208967200000,,,,,,,,,,,,,,,166
COLUMBUS COMMUNITY,4843,Hospital,Q,979-493-7563,jhargrove@columbusch.com,110 Shult Dr, Columbus,Colorado,29.694201,-96.542949,1609507269000,0,0,0,0,,0,72,0,0,,0,72,0,0,,,0,-2208967200000,CPht,Yes,-2208967200000,-2208967200000,,,Cynthia Stancik,979-000-0000,kstancik@columbusch.com,979-493-7601,,,979-493-7600,Debbie Waddell,,,,,167
